TweetID,UserID,Profession,TweetText
1651569761506017285,"Gyan_Consulting
","Organization
","With the use of #Blockchain, the pharmaceutical industry can ensure the authenticity of drugs, prevent counterfeit products, and improve patient safety. #enterpriseblockchaindevelopment #pharma #drugsupplychain #gyanconsulting
"
1237545019432505345,"EvanKirstel
","Industry Expert
"," .@IBM @Oracle @EUBlockchain & @mediledger are using #blockchain to transform #drug #supplychain and fake  drugs @PositiveBlock via @enricomolinari #ehealth @IrmaRaste @eViRaHealth @contextlabsbv @chris_rezendes #healthtech #pharma #AI #fintech
"
1254267442211192832,"ZingHR
","Organization
","Are You Ready For #Blockchain ? via @ravikikan @Gartner_inc #Crypto #cryptocurrency #pharma #defstar5 #makeyourownlane #HRTech #HRMS #Healthtech # #btc   #bitcoin   #100DaysOfCode #bigdata #cybersecurity #MachineLearning #RT #smartcontracts #fintech #healthcare #tech
"
1613167877237923840,"Gyan_Consulting
","Organization
","Many Pharma companies have already started on their digital transformation journeys with cybersecurity initiatives and adopting new technologies such as additive manufacturing, robotics, analytics, and mobility. #pharma #digitaltransformation #ai #blockchain #digitalhealth
"
1097992887613165569,"Engineer
","Organization
","Wonderful time at #HIMSS with the @HS_Blox team. It was very exciting to see the interest for blockchain in Revenue Cycle Management and Clinical Trial Management #corda #blockchain #hsblox #r3 #pharma #healthcare
"
1612783398916956166,"eisenreich
","Industry Expert
","VeChain x Pharmaceutical Supply Chain Michele M, Supply Chain Manager @DNV_Group, breaks down #Blockchain for #Pharma and shares how VeChain can improve data security and traceability, reducing the risk of data tampering.  #VeChain $VET #Business #Technology #IoT #Tech
"
1129180565364781056,"aventureralicia
","Industry Expert
","Need a way to tag items in your #supplychain to reduce #fraud? @dlabvc co @Helixworks can create a molecular identifier AT SCALE. Founder @nimeshchandrap explains how it works - for #pharma, #food, #textiles, or other goods. #DNA #blockchain #biotech
"
1210749144219803649,"SupplyChainWrld
","Community
","Using #Blockchain to Transform Drug #Supplychain & Avoid Fake Medicine   @PositiveBlock  @IBM @oracle @EUBlockchain @mediledger via @TheMegaTrends TY, MT @enricomolinari @HeinzVHoenen #pharma #AI #scm #pharmaceuticals
"
1352323966799663119,"KingsFtF
","Content Creation Page
","“Blockchain use in pharma supply chains A way to reducing counterfeit, boosting consumer confidence.” The Financial Express #fakemeds #blockchain #supplychain #supplychainsolutions #counterfeit #pharma
"
1057655598827888644,"alexpeters
","Industry Expert
","Another great presentation by Susanne Somerville from @ChronicledInc - total leaders in the blockchain supply chain space - at #BlockchainMemphis18 on improving transparency and reducing counterfeit in #pharma supply chains. Exciting to see the leaps they are making. #blockchain
"
1381909363762343937,"EBlockchainCon
","Organization
","Thank you Xenia Beltran Jaunsarás for your interesting insights about @PharmaLedger project #ebc #EBCvirtual #5thedition #pharmaledger #pharma #blockchain
"
1238690489634672640,"Dr Omkar_Raii
","Industry Expert
","#Blockchain can bring revolutionary changes in the #pharma sector by enabling enterprises expedite R&D while collaborating with other companies, accelerating GTM, optimising supply chain and warranting quality assurance across the manufacturing cycle.
"
1633352693245788162,"dHealth_Network
","Organization
","#Pharma companies have much #data stored on their servers collected from clinical trials and real-world data of their products. But instead of sending it around to their competitors, they would send their #algorithm, train it on the data, then send it back. #dHealth #blockchain
"
1330901344643899396,"EvanKirstel
","Industry Expert
","Using #blockchain to monitor the COVID-19 vaccine  supply chain http://bit.ly/36VESn4 @wef @HealthcareLdr #CovidVaccine #DigitalHealth #supplychain #hospitals #Pharmaceutical #pharma @IrmaRaste @eViRaHealth
"
1318634346757132289,"MNWSupplyChain
","Organization
","A Blockchain and Machine Learning-Based Drug Supply Chain Management and Recommendation System for Smart Pharmaceutical Industry https://buff.ly/34cy9VJ
"
1229895647836409856,"AustinDLTHealth
","Organization
","Join #healthIT peers on Feb 26th for the #Blockchain and #DigitalTransformation in Health 2020 Symposium https://bit.ly/2V0SEjT Attend the Business Track: Using Blockchain to Secure and Enhance Visibility for #Pharmaceutical Supply Chains #AustinBlockchainHealth #pharma #SCM
"
1366748503255506952,"jnasr
","Industry Expert
","What is the future of #blockchain in #pharma post pandemic? Looking forward to speaking at #SCOPE2021 at 11:45 am EST today. https://scope.us2.pathable.com/meetings/virtual/KsTxPWCBDc5EJLymC… #DLT #lifesciences #transparency #interoperability .@SCOPEsummit @acoerco @lee_disa @LedgerDomain @Novartis
"
1323268896707796992,"OmniversalisDAO
","Organization
","Providing #tech solutions to #pharma #biotech & #healthcare cnies to improve their profits in the best interest of the patient  https://tradepharma.network/product-lines #marketplace #trading #medicines #pharmasolutions #ai #blockchain #3dprinting #IoT #b2b #innovation #tradepharmanetwork
"
1484620213937184773,"acoerco
","Organization
","In this @DarshanTalks podcast our CEO @jnasr talks about the adoption of #DLT in pharma and what changes that can bring. Listen below to learn more: https://youtu.be/SD97V1fzlZM #blockchain #hederahashgraph #HBAR #pharma #healthcare
"
1322847276780441608,"davidgerard
","Community
","An Open Letter To Blockchain Vendors: Please Pay More Attention (2018). ""your understanding of the needs of the US pharma supply chain was so elementary … most of the presenters were making the simplest, most superficial assumptions about them.""
"
1267815854797799427,"ArwedK
","Community
",".@spherityproject manager #EricHolst @holstblock at the @Blockchain_HH #webinar about use cases + #trust with #blockchain technology for identities and #digital twins in the #pharma world + the 4th #industrial #revolution. And thanks to moderator #MoritzSchildt @SchildtMoritz.-P4
"
1452565675856343042,"MyEvidenZ
"," Community
","@IfisGroupe has several certifications guarantee by @myevidenz  VisaePharma™ certification assess the general level of mastery of the standard: #GMP Good Manufacturing Practices for medicinal products.  #blockchain #credential #formation #pharma #newpartner #BCDT
"
1422069237447741446,"cdnsolutions
","Organization
","""IT Solutions For #Pharma Industry"" With Automation All Over The Place, The Software Solution For #Pharmaceuticals Industry Is Now Embracing The Wave. Explore us at: http://cdnsol.com/pharmaceuticals #digitalhealth #retail #IoT #AI #blockchain #MachineLearning #100DaysOfCode #data #code
"
1184301537046097920,"TanjahPartners
","Entrepreneur
","Thrilled to announce my book #Enterprise #Blockchain Has Arrived with my co-author & colleague @jwoods_57 is live! Pre-order on Amazon http://amzn.to/2Bi7g3b #decentralizedidentity #fintech #banking #SupplyChain #logistics #DigitalHealth #lifesciences #pharma #dataprivacy #Web3  
"
1503308495122227205,"smponline
","Community
","From tomorrow: Pharma Supply Chain and Security World (15-16 March) https://bit.ly/35jajdN. Tap into the latest #IoT, #AI and #ML & #Blockchain pharma innovations at the @corvusglobal event #ad #PSW #PharmaSecurityWorld #pharma #pharmaconference #SCM #supplychain
"
1396882567882813443,"TraceLabsHQ
","Community
","We proudly contribute to making #pharma supply chains work by helping @BSI_UK build resilience & trust into distribution of pharmaceuticals and vaccines. #Together @origin_trail #blockchain #Multichain
"
1492073808991293441,"EUBlockchain
","Community
","#EUBOF’s new Thematic Report on Blockchain Applications for Healthcare is out! Are you interested in the ways the #blockchain ecosystem intersects with the #healthcare sector  & #pharma industries? Find the report here  https://bit.ly/3HHvJje #EU4Blockchain
"
1288755169329590272,"Solve_Care
","Organization
","Today, at 2:30 pm UTC, Pradeep will share his ‘healthcare on blockchain’ expertise with pharmacists, academics, practitioners, medical specialists, and other attendees at the Pharmaceuticals 2020 Conference. Register here: https://bit.ly/3134kUG #blockchain #pharma $solve
"
1080905646747176960,"IrmaRaste
","Industry Expert / Influencer
","Transforming The #LifeSciences #SupplyChain Through #Blockchain via @worldpharma2day & @AccentureLifSci @evankirstel @eViRaHealth @glfceo @JohnNosta #HealthTech #DigitalHealth #pharma #biotech #DHS2019 #CES19 #HIMSS19 https://buff.ly/2Ti6Wss
"
1064902706765152256,"ExploringBlock
","Community
","VeriDoc Global is the solution towards an honest, transparent future. http://veridocglobal.com @VeriDocGlobal @NewToTheStreet #PublicSafety #AntiFraud #blockchain #fintech #tech #massadoption #erc20 #supplychain #identity #passport #pharma #medicine #document #security
"
1046652208224382977,"AimedisGlobal
","Organization
","Our use of Blockchain technology makes sure your medication is safe, secure and traceable right the way through each transaction. Safety and security in healthcare. #aimedis #blockchain #medical #pharma
"
1115657946078248961,"kevinclauson
","Industry Expert 
","Excited to participate in Deep #Tech #Pharma by @IEEESA this week in #Philadelphia! #Unconference structure allows the cream to rise to the top and enables us to #votewithourfeet! #blockchain #DLT #AI #ML #IoT #sensors #genomics #pharmacy https://standards.ieee.org/events/deep-tech-pharma-forum-philadelphia.html
"
1462828939299143689,"JohnNosta
","Industry Expert 
","I'm surprised that #blockchain and #cryptocurrency aren't more mainstream in life sciences and pharmaceutical discussions! The implications are very significant. #pharma #digitalhealth #lifesciences #Bitcoin  
"
1191154746582851585,"vishalpanchal85
","Industry Expert 
","BUSINESSES are using #blockchain’s  key features to drive efficiency in existing business processes & enable new business models. http://buff.ly/2pgKVka @EverestGroup via @antgrasso #SmartContracts #DigitalTransformation #HealthTech #pharma #supplychain #IIoT
"
1176846124956733443,"RushdiSiddiqui
","Industry Expert 
","Systems #interoperability for #foodsupply (equally applicable to #pharma) should reduce friction & leakage..but, as impt, is authenticity (truth) at source (#provenance) before embedded in the #immutability of #blockchain for trust.. established #startups @origin_trail leadership
"
1247197544528203778,"peteharrislp
","Industry Expert 
","There's certainly a lot going on in the supply chain track/trace space when it comes to #blockchain. More to come, especially for #pharma and especially for #COVID19 ...
"
1247186658237321216,"DelRayMan
","Industry Expert 
","Interesting to see the number of blockchain applications in traceability has SURPASSED payments, according to data from the @Forbes #Blockchain50, analyzed by @blockdata_tech: https://blog.blockdata.tech/2020/04/forbes-blockchain-50-products-data-deep-dive/… h/t @Nielslucker
"
1144254588146585602,"cybermiles
","Community
","CyberMiles will have peer to peer marketplaces for pharmaceutical needs. Please stay tuned! #ecommerce #medicine #pharma #hiv #blockchain #decentralization #cryptocurrency #marketplace #peer2peer #aids #healthcare 
"
1177156745342459904,"OdysseyCreator
","Community
","In #odyssey2020, #buidl with @KLMCargo & its stakeholders the information infrastructure for secure transport of pharma goods to prevent shipment of fake drugs. Awesome challenge workshop prepping for Odyssey Hackathon 2020. #pharma #blockchain #AI #cargo 
"
1605230114207416328,"XRPHealthcare
","Organization 
","“The aim of bringing security, transparency, and value to the users of the network.” Read more on our latest blog: https://medium.com/@XRPHealthcare/xrph-provides-protects-and-safeguards-d882950d43d5… #xrpl #xrp #xrph #XRPHealthcare #blockchain #crypto #pharma #web3   #decentralized #marketplace
"
1366725308590788616,"PharmaLedger
"," Community
","TODAY! We’re joining #SCOPE2021 starting with an introduction of the PharmaLedger project followed by a fireside chat on #BlockchainConsortium bringing together 4 of our partners/use case co-leads! 
"
1162238997155831809,"nikunjsanghvi
","Industry Expert
","#Blockchain has extensive uses beyond #Fintech / #Bitcoin   – such as the #SmartContracts solution we @Robosoft built for a Top-10 #Pharma co – as well as use cases in verticals such as #Retail, #Travel, #Logistics, #Automobile, and #RealEstate:
"
1317095449359245312,"CertiK
","Community
","@StatistaCharts reveals life sciences industries, including but not limited to #biotech, #medical #devices, and #pharma, take positions in DLT, with 23% of companies relevant to the sector already using #blockchain. #techhealth #iot #blockchaintechnology #adoption #certik
"
1620746443136040960,"acoerco
","Organization
","In this new podcast, our CEO @jnasr talks about the use of #DLT and #NFTs in #healthcare, and how blockchain-based solutions can add real value to the industry! Listen to the podcast on the link below or on any audio podcast platform:
"
1384439111940022282,"Infosys
","Organization 
","#Blockchain is revolutionizing #pharma supply chain to ensure critical supply of vaccines. Introducing Infosys Blockchain Pharma Supply Chain solution that brings trust, transparency, and efficiency across the pharma value chain. Know more https://infy.com/32rRQqH #Lifesciences
"
1165217203974750208,"HLTHRun
","Organization
","The global blockchain in pharmaceutical supply chain management market is expected to register an approximate CAGR of 22.5 per cent during the forecast period of 2019–2024. https://buff.ly/2Z6j4E6 #blockchain #pharma #research #shivom #healthcare #chain #IT #industry
"
1602609423444238336,"xrp334
"," Community
","#XRPH will revolutionize the pharmaceutical industry “#XRP Healthcare’s developing decentralized marketplace is equipped and poised to become the fresh portal for big #pharma customers.” #xrpl #xrph #pharma #blockchain #cryptocurrency #XRPL #XRPHolders
"
1311067009040429063,"GS1_US
","Community
","What are the drivers of #blockchain use in #pharma? Kraig Adams, VP at GS1 US, discusses the role of #GS1Standards. http://ow.ly/LrVE50BBIPq #DSCSA
"
1173540028871524353,"IBMEurope
","Organization
","Technology has upgraded procurement, and, as such, #Blockchain now gives you info about the safety of #pharma products: ingredients, suppliers and transportation. We can get into a deeper conversation at #DPW2019. https://ibm.co/31dSia5 @DPW2019
"
1602463369168310274,"XRPHealthcare
","Organization
"," “XRP Healthcare’s developing decentralized marketplace is equipped and poised to become the fresh portal for big pharma customers.” #xrpl #xrph #pharma #blockchain #cryptocurrency #cryptonews Read more of our latest blog:
"
1547589769269370887,"PharmaIQ
","Community
"," A new initiative backed by big #pharma uses #blockchain technology to verify business credentials and exchange data securely. @PharmaLedger and @GLEIF are launching the new digital ID: http://ow.ly/Oflv50JVSxk #supplychain #digitalID
"
1355080759707623425,"KaoDataDC
","Community
"," From #blockchain to big data + #HPC to #IoT, technology is accelerating #vaccine supply chains across the world. Great to see our sector supporting the enormous roll-out currently being undertaken globally. Read more on @ZDNet: https://zdnet.com/article/from-blockchain-to-big-data-and-iot-tech-is-trying-to-speed-up-vaccine-supply-chains/… #AI #Pharma #Bioinformatics
"
950820547755159552,"TizerWallet
","Community
"," 1. What if #blockchain could be used to actually save people's lives? This is an idea discussed by the pharmaceutical heavyweights Pfizer, Amgen and Sanofi. #medicine #pharma
"
1480627084233957385,"ZwijBerg
","Community
"," $VET #VeChain to Develop Drug-Tracing Platform for Pharma Giant @Bayer. #VeChain will help to help it track clinical trial drugs along the #blockchain. Known as ""CSecure"".
"
1630055121806663685,"marginx_io
","Community
","Pharma giant #Pfizer joins #Decentralized initiatives with #VitaDAO #India to create a global regulatory framework for #crypto during #G20 Presidency #Inflation worries drive down assets like #Bitcoin   & crypto-related #stocks #blockchain #fintech
"
1713967730850721808,"Real_PharmaDao
","Community
","We spoke with @Labiotech_eu about the potential of #Blockchain and #DAOs to deliver funding for crucial biotech projects  
"
1367817193258377219,"fatiebomba
","Community
","1/2 New month, new supplier! Another big pharma company is joining the party. Happy to see the progress @Walmart is making on #VeChain, the only #1 Public #blockchain for enterprise adoption. 
"
1607761173620949010,"XRPHealthcare
","Organization
","We are working tirelessly behind the scenes to Bridge Blockchain to the Pharma and Healthcare industry via our Decentralized Marketplace. #xrpl #xrph #blockchain
"
1614813715135619072,"XRPHealthcare
","Organization 
","Our partnerships will span a wide range of market segments in the Pharma and Healthcare industries. We believe that collaboration is the key to success - along with the security provided by XRPL blockchain technology. #xrp #blockchain #developers #xrpl #xrpledger #XRPHealthCare
"
1485678334356955149,"Ilios369
","Individual
","@dHealth_Network has competitive advantage over other #blockchain #projects with its powerful #technology and strong partnerships with the leading pharma houses like @Roche ,@LillyPad and @Novartis. I smell a revolution coming  
"
1522050223962718208,"stpiindia
","Organization
","Procure+, an innovative startup incubated at #STPIApiary, provides #Blockchain-based solutions to address the challenges of pharma supply chain by ensuring traceability, authenticity, and transparency. Explore now: https://apiary.stpi.in. #STPIINDIA #STPICoEs #STPIStartups
"
1396882567882813443,"TraceLabsHQ
","Organization Industry Expert Community
","@MrBeast Do you know that @LillyFoundation and @LillianFinance are saving the lives of children and vets? Through the power of #Crypto and #Blockchain the #healthcare #market is going to be revolutionized! Partnerships with hospitals, pharma, and many more yet to be announced $Ly
"
1381918669060575236,"EBlockchainCon
","Community
","PharmaLedger panel, share their vision about how Blockchain can protect ""Patient Data"" setting a privacy law to conserve Identity privacy. ""Trust is not something you can built overnight, but Blockchain has a lot of benefits in this field"" #blockchain #healthcare #pharma
"
1617501563672735745,"XRPHealthcare
","Organization 
","An essential component of the pharmaceutical industry is the guarantee of expeditious and secure transactions; XRPH’s marketplace aims to fulfill these essential preconditions. #xrpl #xrph #blockchain #crypto #ripple #xrp #pharma #XRPHealthcare
"
1292712116273651712,"stpiindia
","Organization 
","“Temperature-controlled supply chain plays a key role for pharma industry and #blockchain has the potential for seamless monitoring,” underlined Shri Adamya Sharma, Partner, @FelixAdvisory. #STPIINDIA #STPICoEs #STPIApiary #STPIPulse Watch live: https://bit.ly/stpipulse_apiary1
"
1605170647289643008,"XRPHealthcare
","Organization
","“The integrity and future of the developing XRPH ecosystem demands that it retains sovereignty over its own digital asset, and thus over its decentralized marketplace and the elements connected therein.” #xrpl #xrp #xrph #blockchain #crypto #pharma #web3  
"
1330831201939152897,"HealthcareLdr
"," Community
","Using #blockchain to monitor the COVID-19 vaccine  supply chain http://bit.ly/36VESn4 @wef #CovidVaccine #DigitalHealth #supplychain #hospitals #Pharmaceutical #pharma
"
1638085295496126465,"AimedisGlobal
","Organization
","We are currently developing experiences: 1) Dubai based institution 2) Pharma company meeting and business hub (US based) 3) Surgical training facility (UK based) #InnovationForEveryone #medicine #MedTwitter #AIMX #Blockchain #ehealth #AI #Web3   #Metaverse #Healthcare
"
1527710204581797888,"TraceLabsHQ
","Individual
","Let’s get this right. Block chain talks with a top Pharma. Partnership talks with major credit card company. Major TIER 1 EXCHANGE INBOUND. CHILD SURGERIES. #LFG @LillianFinance #LillianFinance #ETH #Trending #fintech #blockchain #altcoinseason we are not a meme. #LOVE
"
1363068323186024458,"VechainLuxembo1
","Industry Expert 
","Pharma industry will also need #blockchain to protect consumers. #vechain ecosystem will definitely help this industry to #track and #trace drugs. Don’t miss the new revolution  $VET
"
1415415752987869186,"CDWGWAGov
","Community
","Digital is changing the pharma & healthcare industry #technology #business #infosec #everett #google #blockchain #amazon #bitcoin   #youtube #live #100daysofcode #nowplaying #security #cdwsocial 
"
1337675426940944385,"stpiindia
","Organization 
","Companies like @ChronicledInc are creating #Blockchain-based pharma supply chain solution by enabling drug companies to comply with regulations. Explore how #STPIApiary is nurturing #startups to build similar solutions:
"
1513467438796529671,"EUBlockchain
","Community
","How does the #healthcare sector, the #pharma industries  & the #COVID19 management benefit form #blockchain technology? #EUBOF’s latest Thematic Report on Blockchain Applications for Healthcare provides the answers. Read more  https://bit.ly/3xiTEDi
"
1546210346263789570,"KirkDBorne
","Industry Expert
","Explore the latest articles & resources in #Analytics #DataScience #AI #MachineLearning for #DataScientists at @DataScienceCtrl http://bit.ly/3P3zx1G by @kurt_cagle —— #abdsc #BigData #IoT #IIoT #IoTPL #IoTCL #Pharma #Chatbots #DataViz #DataLabeling #blockchain #Web3   #Metaverse
"
1603770014355673097,"dHealth_Network
","Community
","The pharma industry loses much #money on fraud in #supplychains due to thefts and counterfeit #medicine. #blockchain can solve this by improving the real-time #tracking of #drugs and verifying the drug’s country of origin and manufacturer. #dHealth
"
1325886668252061698,"realdomestique
","Individual
","Startup which I work for recently got acquired by 300+Billion dollar pharma company who is currently looking to pilot #blockchain technology to improve the quality of data and reduce the administrative costs. Now you know why I'm all in on $DGB #DGB DYOR #DigiByte
"
1149313423538360320,"DecentratechC
","Community
","Lots happening in #blockchain and #supplychain - especially for food and pharma. It's getting increasingly real.
"
1406897650587291649,"p14416575
","Individual
","#blockchain could be a game-changer for identity management and verification at key stages —during enrollment and at registration, all while maintaining strict patient privacy. Blockchain like $TRAC could be used in pharma and healthcare use cases.
"
1622743139818561537,"acoerco
","Organization
","In this week’s Acoer Bytes, we focus on our HashLoad, a secure file storage and sharing solution that ensures the trustworthiness of data. We also highlight an interesting article by @HarvardBiz on why big #pharma is betting on #blockchain. Read more here: https://acoer.com/acoer-bytes
"
1230894213572612097,"ChronicledInc
","Organization 
","We are proud to announce 24 pharma companies have collaborated to submit the MediLedger DSCSA Pilot Final Report to the FDA, proposing blockchain for an interoperable track & trace system for US drugs #collaboration #blockchain https://prn.to/2HJaP60
"
1479406983409197056,"drlennylomax
","Individual
","Our Objective with the Symbiotic #Blockchain: To hold big pharma accountable To make accurate #medical data available To make clinical trials affordable To introduce a new line of plant-based #medicine To bring easy connection between doctors To give power back to #patients
"
1251321266331672576,"elleprovocateur
","Individual
","Jan 31 2019: ""Global Pharma Giant #Merck Wins US #Blockchain, #AI Patent for Product Authenticity"" ""Last week, U.S.-based health insurance giant Aetna partnered with tech mogul #IBM to build a blockchain network designed for the healthcare industry,...""
"
1379839369905893378,"TomazOT
","Individual
","A great recap of what @WHO describes to be the key #pharma industry data challenges by @JureSkornik. Check out the article and learn how @origin_trail is the best tool to address them! #TraceOn #data #enterprise #blockchain . Working with customers in the pharmaceutical industry, we see OriginTrail DKG as being uniquely suited to enable the important features of traceability and verification systems highlighted in @WHO's policy paper."" More in General Manager's Point of View
"
1313137391398395904,"akbcrypto2
","Individual
","#Blockchain continues to attract interest in the pharma industry Through drug distribution history management service, it is possible to innovate business by implementing product-specific history management, real-time distribution history tracking @WHO @SamsungIndia $TRX #AKB
"
1652599022337634304,"AuthenaAG
","Community
","Advanced tech like #blockchain & #IoT can secure the global pharma supply chain and protect patients from counterfeit drugs. Don't miss Authena CEO @MatPanzavolta's article on page 32 of the @PMPSmag May 2023 © Samedan! #pharmaceuticals 
"
1308310939243081729,"adrianafreitas
","Individual
","Tech speaks for itself Can it make bread? NO Is about #usecases @PharmaLedger Adoption is beyond platform creation ""How #Blockchain is Changing Pharma Jorge A. Ferrer Roig Clarisse Dias da Mota @Novartis Ken Thursby @MSDInvents Wafaa Ahmed @NBS_NTU @EBlockchainCon #EBCvirtual
"
1522010625588830209,"ChronicledInc
","Organization
","We're thrilled to be innovating w/ the exceptional team @cardinalhealth. Together, we're leveraging the #blockchain to solve complex problems in the #healthcare industry Check out this post by Ray Bajaj, SVP, Chief Technology Officer @ Cardinal Health
"
1519315437456035841,"ChronicledInc
","Organization
","We are very excited to announce the addition of @Healthcare_ABC to the #MediLedger Network! #AmersiourceBergen has been an amazing innovation partner in working towards fixing the inefficiencies across #LifeSciences & #Healthcare 
"
1512171620802215948,"ChronicledInc
","Organization Industry Expert Community
","Yes, there's more to #NFTs than pixels and apes. CTO @iogreco discusses new paradigms emerging in #blockchaintechnology, where NFTs can become collateral to optimize the #healthcareindustry. #blockchaininhealthcare #blockchainadoption #blockchaintech
"
1493678459012272129,"ChronicledInc
","Organization
","Big milestone at Chronicled today: a successful demo of ZK-p tech to record proofs of contract updates from a manufacturer to a wholesaler on the MediLedger Blockchain. Could be the 1st successful application of ZK-p to solve a real world business problem outside of crypto!
"
1422598142961270785,"cardinalhealth
","Organization 
","We’re leveraging new #blockchain technology on the MediLedger network to create a compelling customer experience. Learn how we're partnering with @ChronicledInc to make it possible:
"
1317047879069028354,"Victoria_AGago
","Industry Expert
","I’m very honoured and happy about our recent strategic partnership between @PharmaLedger, the leading pharma #blockchain consortium, and the @EBlockchainCon. 
"
1494356041756196869,"LedgerInsights
","Community
",".@ChronicledInc the company that developed the @mediledger pharma network has raised $8.3m from @TrueGlobalVCs 
"
1270762976086298625,"techreview
","Community
","[CONTENT FROM @DeloitteOnTech] #Blockchain is being applied in highly regulated industries like financial services, life sciences, and pharma. Establishing regulations on privacy, economic sanctions, and tax reporting will be hard—but it’s critical.
"
1202897932648943616,"LedgerInsights
","Community
"," .@RBI_Presse and @sparkasse Bielefeld executed a pilot on @network_polo #blockchain trade finance network Transaction for pharmaceuticals sold by @DrWolffGroup to Austrian wholesaler sam Pharma Integration from SServicePartner @Cordablockchain
"
1433418520008826880,"globalyouthigf
","Community
","The #UK will create a new digital supply chain for the pharma industry that will use #blockchain. People will be able to monitor it. Will the fact that a supply chain is based on blockchain allow a safer purchase of meds online?#YouthIGFActs @HealthcareDig
"
1410284998859669513,"TraceLabsHQ
","Industry Expert
","Many people’s knowledge of #blockchain has come almost exclusively from what they’ve read about cryptocurrency. I've shared some thoughts with @ForbesTechCncl on how it can be leveraged in the pharma industry:
"
1022771973741584385,"Marcus_Crouc
","Individual
","AI and Blockchain Transforming Pharma Supply Chain http://bit.ly/2Ol0XBu #AI #ArtificialIntelligence #Blockchain #blockchaindevelopment #blockchaintechnology #supplychain #Pharmaceutical #pharma18 #transformation
"
1140505199817236480,"JMunozCasillas
","Individual
","The FDA Partners with Walmart, IBM, Merck to Improve Pharma Supply Chain via Blockchain https://buff.ly/2KUxAGX #SupplyChain #blockchain #Pharmaceutical
"
1114542870910791681,"Vikezmedia
","Individual
","IBM Developing Blockchain Solution to Combat Fake Medicine in Africa #Africa #IBM #Blockchain #fakedrugs #innovation #tech #supplychain #tech #VIKEZ #healthcare #consumers #business #Pharma https://bitsonline.com/ibm-blockchain-combat-fake-drugs-africa/
"
1396882567882813443,"ScottWLuton
","Industry Expert 
","“Why Big Pharma Is Betting on Blockchain” https://buff.ly/2XDtwPO #supplychain #blockchain #pharma #tech #covid19
"
1027208562181922822,"Esprezzoapp
","Community 
","Great to see out partner @vechainofficial leveraging #blockchain to reduce counterfeit vaccines in China! #supplychain #crypto #pharma
"
1115181946420768768,"jwoods_57
","Industry Expert 
","Enjoyed speaking on 2 #blockchain in #healthcare panels at @ELEV8con this past week in #losangeles. The 1st panel was on #smartcontract #automation in healthcare. The 2nd on #blockchain for #pharma #supplychain. Enlightening discussions and great people! #enterprise
"
1142455209878327296,"jaimecampos787
","Organization Industry Expert Community Individual
","#IoT #Blockchain & #AI will revolutionize #business. @dragonchaingang Interchain #BaaS Platform Check*https://dragonchain.com/blockchain-platform… #4IR #5G #SmartCities #ML #DL #logistics #AR #VR #SupplyChain #Health #Finance #Retail #transport #pharma #biotech #energy #DLT #aerospace #RealEstate
"
1024837208249958416,"CargoXio
","Community 
","China pharma scandal sparks call for #blockchain in drug supply chain | #SupplyChain #business #news | https://blockchaintechnology-news.com/2018/07/26/china-pharma-scandal-sparks-call-for-blockchain-in-drug-supply-chain/
"
1039754135871152129,"anylsite
","Community 
","Thanks to http://jsb-solutions.com for meeting with us and discussing #blockchain opportunities within the pharma #SupplyChain, among others!
"
1062703532439166976,"DynaSys
","Organization
","Blockchain in the Pharmaceutical Value Chain Through | DynaSys Blog http://ow.ly/6LGP30mC9yZ #SupplyChain #Blockchain #Pharma #LifeSciences #SmartContracts
"
1149313423538360320,"DecentratechC
","Organization
","Lots happening in #blockchain and #supplychain - especially for food and pharma. It's getting increasingly real.
"
981867243553349632,"Adentsinfo
","Organization
","#Blockchain as a 'trust machine'. Marc Gardette from @Microsoft explains how Blockchain technology can help establishing a more transparent #SupplyChain in #pharma #SerializationSummit
"
1059411095406895105,"VeriDocGlobal
","Organization
","VeriDoc Global is the solution towards an honest, transparent future. http://veridocglobal.com #PublicSafety #AntiFraud #blockchain #fintech #tech #massadoption #erc20 #supplychain #counterfeit #identity #passport #foodsafety #pharma #medicine #document #security #landtitle
"
1156687996684513280,"OmniversalisDAO
","Community 
","Offering a full array of #SupplyChain Management solutions to #Pharma #Hiotech & #Healthcare companies using #Blockchain #IoT & our next-gen #AI  http://tradepharma.network #Medicines #B2B #Counterfeiting #MachineLearning #BayesianModeling #Algorithms #DataScience #PharmaShiftAI
"
1305461334662950913,"BchainLadies
","Community 
","Dear Ladies, say welcome to: Cristina BaldiWide experience as manager of #corporatefinance, credit & #riskmanagement.Specialized in #Blockchain Technology Management, #fintech solution & pharma #supplychain #traceability are both the focus of her activities.
"
1503308495122227205,"smponline
","Organization Industry Expert Community Individual
","Pharma Supply Chain and Security World (15-16 March) https://bit.ly/35jajdN. Tap into the latest #IoT, #AI and #ML & #Blockchain pharma innovations at the @corvusglobal event #ad #PSW #PharmaSecurityWorld #pharma #pharmaconference #SCM #supplychain
"
1060827408666947584,"mvollmer1
","Industry Expert
","SAP leads Pharma #SupplyChain #Blockchain.. http://ari.ba/e11081812 via @sapindustries #LifeSciences
"
1103789000404492288,"23_consulting
","Organization Industry Expert Community Individual
","We are proud to contribute to the French #blockchain and #healthcare community and share our work with an incredibly exciting and dynamic ecosystem. Thank you @pikciochainpkc and @KryptoSphere_ for hosting this meetup tonight at #WAIParis #pharma #supplychain #data
"
1041990304314941440,"MuellerSabine13
","Industry Expert 
","Blockchain has the potential to bring enormous change to the supply chain industry. Nowhere is this more pronounced than in the pharmaceuticals. http://buff.ly/2D8SKin #blockchain #pharma #supplychain
"
1055069164312936448,"R_Healthcare
","Organization
","Blockchain applications in the pharmaceutical supply chain and the impact on M&A - Read Caron Dhillon's latest blog #blockchain #pharma #supplychain #manda - https://bit.ly/2CF0Tcv
"
1230722655126347777,"RIyengar13
","Industry Expert
","Thanks @IBMBlockchain team for including my post with @jwoods_57 on #productauthenticity in #SupplyChain solving issues in #food, in #pharma #counterfeitdrugs, in #conflictminerals adapted with an excerpt of our book #Enterprise #Blockchain Has Arrived
"
1230115217419403265,"IBMBlockchain
","Organization
","""This technological breakthrough has now made it possible to quickly verify the #authenticity of products such as premium olive oil or #fair trade coffee, as well as the origin and processing of “conflict-free” minerals"" #blockchain #technology
"
1191154746582851585,"vishalpanchal85
","Industry 
","BUSINESSES are using #blockchain’s  key features to drive efficiency in existing business processes & enable new business models. http://buff.ly/2pgKVka @EverestGroup via @antgrasso #SmartContracts #DigitalTransformation #HealthTech #pharma #supplychain #IIoT
"
1397213661396099075,"p14416575
","Individual
","I can see only one project which could be one of the #blockchain winners in next 4 year according to @ChainCouncil trends. $TRAC has already working product in #pharma #supplychain #crossbording trades.... more about it: https://origintrailexplained.info
"
1123250571794763778,"alvie_barr
","Community 
","Multi-state pilot, approved by @US_FDA, will use #blockchain to better track specialty prescription drugs Link: https://fiercehealthcare.com/tech/university-health-system-wakemed-testing-blockchain-to-track-specialty-prescriptions… @HeatherLandi @FierceHealth @IU_Health #healthcare #IoT #IoMT #HealthIT #interoperability #pharma #PatientOutcomes #PatientSafety #SupplyChain
"
1115282828785332224,"23_consulting
","Community 
","The Center for Supply Chain Studies published a very comprehensive white paper on The Drug Supply Chain Security Act #DSCSA and #Blockchain for stakeholders in the #Pharmaceutical supply chain Download it here: https://c4scs.org/request-white-paper-blockchain-study-1… #Pharma #SupplyChain #DLT
"
1226800527046062081,"ACGWorld
","Organization
","ACG #Inspection launches a new #blockchain-based solution that also features #ArtificialIntelligence (#AI) and #Internet of Things (#IoT), which would help pharma companies ensure tight monitoring of their packaged products through the entire #supplychain. https://buff.ly/31Eyspv
"
1255036020141277184,"OpenLedgerDC
","Community 
","Introducing a #blockchain -based 'smart' warehouse: a new way to improve the distribution of pharmaceuticals.
"
1040209240642740225,"1Paulrichardson
","Individual
","Blockchain has the potential to bring enormous change to the supply chain industry. Nowhere is this more pronounced than in the pharmaceuticals. http://bit.ly/2QrLDnE #blockchain #pharma #supplychain
"
1049272257644642306,"Atmosphere05com
","Community 
","Artificial intelligence and blockchain are powerful individually, but combining the two may be the key to truly impactful big data analytics #AI #ArtificialIntelligence #Blockchain #Data #ML #machinelearning #SupplyChain #pharma #health #healthcare #EHR
"
1222083166887804928,"MediConnectUK
","Community 
","#MediConnect is the only #blockchain solution intended to revolutionise the use of medication in the UK. It will provide traceability of drugs all the way through the #supplychain enabling the removal of false medicines within the Pharma system.
"
1375122777825546243,"com/Infosys
","Organization
","Introducing the new Infosys #Blockchain Pharma #SupplyChain Solution that brings trust, transparency, and efficiency across the #valuechain. Know more. https://infy.com/3tUa3co
"
1010179855135019009,"IoTslam
","Community 
","There is a lot going on with #Blockchain in the Pharma #SupplyChain space, yet little attention is being placed on hospitals – hence starting with #IoT @jimsabogal #IoTSlam #IoTCommunity #strategy #Pharma #MedicalDevice #HealthIT #cloudcomputing #IoT #Blockchain
"
1149310437936308225,"peteharrislp
","Industry Expert
","I just wrote this blog about #blockchain for #supplychain. The TL;DR is - it's real, especially in food, agriculture and pharma. Oh, and there's even a mention of #QuantumComputing in this one.
"
1123182904820023297,"RushdiSiddiqui
","Industry Expert 
","The inefficiency n lack of transparency in #Supplychain, for #food or precious minerals or #pharma/#drugs and so on, not only increases costs to end customer but also raises health risks, hence, #blockchain presents one solution, but behavior modification as required, tech helps
"
1120995122055979009,"shepwedd
","Organization 
","Head of pharma and life sciences Joanna Boag-Thomson details how #blockchain technology could improve collaboration and #supplychain management in the #healthcare and #lifesciences industry.
"
1266430715924627456,"unblockedfuture
","Industry Expert
","Covid19 brought visibility to long-festering problems in the medical supply chain—yet #blockchain gives hope. Check out my article in @HarvardBiz to see how #pharma is making inroads for truth in the #SupplyChain.
"
1105459590471266309,"LedgerInsights
","Community 
","Yesterday @TraceLink announced a #blockchain pharma pilot. Last month the @US_FDA announced a pilot program for the #pharma industry to help to trace #drugs. Everyone in the pharma #SupplyChain needs to comply with the DCSCA legislation by 2023
"
1109817148518682624,"StephTweetChat
","Industry Expert 
","Many experts think that #PatientSafety, enhanced drug surveillance, & the integrity of drug #SupplyChain will be secured by #blockchain. #HealthTech #Data #Pharma #EmergingTech #Interoperability #Technology #Tech #Innovation https://lnkd.in/eJQVe6d
"
1324799282902372362,"BakerHostetler
","Organization 
","Robert A. Musiala Jr., Esq., CFCS will present ""Blockchain for Enterprise: Legal and Business Issues,"" which focuses on the food, cobalt and pharma supply chains at the virtual Trufflecon Blockchain Developer Conference. #blockchain #supplychain
"
1134678478232739840,"StephTweetChat
","Community 
","Pfizer Inc., has joined with MediLedger Project Contracting and Chargebacks working group to find a blockchain-based solution to the inefficiencies found within the industry’s supply chain pricing and eligibility contracts.
"
1716384846245707796,"AppikrLabs
","Organization
","Ready to explore the benefits of blockchain app development? Our ultimate blog on Blockchain’s Impact on Healthcare with the knowledge of blockchain to thrive in the healthcare industry. #healthcare #healthMobileApps #blockchain Read more: https://appikr.com/blog/blockchain-impact-on-healthcare-comprehensive-guide/
"
1716425237288423926,"SingingInDCloud
"," Community 
","Those who claim blockchain is only suitable for the financial sector have a limited view. Its immutability, transparency, and traceability are essential for many sectors, among which healthcare stands out. Rt @antgrasso #blockchain #healthcare
"
1715216334873653342,"hati_intl
","Community 
","Blockchain addresses five major healthcare pain points.
"
1716811063826760112,"dInnovaTrain
","Community 
","Blockchain technology can transform healthcare by placing patients at the center of the healthcare ecosystem and improving healthcare data security, privacy, and interoperability. Source @techmenttech Link http://bit.ly/3fH4h9l rt @antgrasso #HealthTech #blockchain #Healthcare
"
1714097395749757434,"IRIS_CHAIN
","Organization
","We aim to develop an #application-based smart #healthcare #blockchain service that enhances user convenience based on #bio #data.
"
1715204930792051106,"simplyfitech
","Organization
","Decentralization eliminates the possibility of a single point of failure by preventing any one entity from controlling the whole network. #decentralization #blockchain #wealth #healthcare
"
1714768814175338649,"YakuzaKokae
","Individual
","Immutability, transparency, and traceability are essential for many sectors, among which healthcare stands out. Those who claim blockchain is only suitable for the financial sector have a limited view. #Blockchain #Healthcare #Transparency
"
1716847105892098253,"BluewheelM
","Community 
","Bitcoin, More than Money: While Bitcoin is a digital currency, its underlying #blockchain technology has far-reaching implications across industries. Let's dive into how it's revolutionizing sectors like #healthcare, supply chain management, and beyond. 
"
1039754135871152129,"anylsite
","Community 
","Thanks to http://jsb-solutions.com for meeting with us and discussing #blockchain opportunities within the pharma #SupplyChain, among others!
"
1603326440245977088,"krypctalk
","Community 
","Check out the article: How blockchain technology is here to revolutionise the Pharmaceutical industry. https://medium.com/@krypcblockchain/evolving-pharmaceutical-industry-with-blockchain-technology-f0fe0a2d147… #pharma #supplychain #blockchaintechnology #blockchain #healthcare #digitalhealth #medtech #technology #web3solutions #web3  
"
1523950124791382017,"pharma_outlook
","Community 
","How #Technology is transforming the Pharma #SupplyChain #Pharma supply chain has always been recalled as the most complicated and strained network amongst all By @AbhrasnataDas, Correspondent, #IndiaPharmaOutlook Read More: https://cutt.ly/UHwsl6h #Blockchain #Datascience
"
1055069164312936448,"R_Healthcare
","Community 
","Blockchain applications in the pharmaceutical supply chain and the impact on M&A - Read Caron Dhillon's latest blog #blockchain #pharma #supplychain #manda 
"
1010179855135019009,"IoTslam
","Community 
","There is a lot going on with #Blockchain in the Pharma #SupplyChain space, yet little attention is being placed on hospitals – hence starting with #IoT @jimsabogal #IoTSlam #IoTCommunity #strategy #Pharma #MedicalDevice #HealthIT #cloudcomputing #IoT #Blockchain
"
989209978509590528,"OliverWightEAME
"," Community 
","#Pharma #supplychain leaders: how well managed is your #data? Are you ready for the '#Blockchain Revolution'? We take a look at the facts in our latest blog: http://ow.ly/gw5g30jzwiu
"
1120296519435988992,"Sofrigam
"," Community 
","A #Blockchain protocol discovered by a researcher at Portland University could prevent #counterfeit #pharmaceutical sales : https://sciencedaily.com/releases/2019/04/190415154651.htm… @ScienceDaily #pharma #supplychain
"
1285578625039790081,"GoSpaceX
","Community 
"," $AMB Ambrosus on the right track Top 10 Logistics Industry Trends & Innovations: 2020 & Beyond Belizean #startup Ambrosus builds a #Blockchain-based end-to-end #IoT network for the food and pharma #supplychain sectors. #cryptocurrency #Crypto #altcoin
"
1641338220729303040,"alisonldoughty
","Industry Expert 
","MyHealthVerse will accumulate #biomarkers and synthetic data and analyze using #AI before they get converted to #NFTs and made available to #pharma and #biotech companies.  #blockchain #blockchainhealth
"
1640337878113824768,"Gyan_Consulting
","Organization
","Blockchain technology allows healthcare providers to securely store and share patient data, including medical records and test results #blockchain #digitalhealth #pharma #enterpriseblockchain #gyanconsulting
"
1636624237640163331,"EricGail
","Industry 
","Jane Lyons, Country Manager of PharmaLex Ireland, shares her insights on the top trends that will shape the sector this year, from the adoption of #AI to #blockchain technology and advancements in #DigitalHealth. Very worth reading. #Pharma
"
1635658831198842887,"BrackenData
","Community 
","We’ve all come to recognize the rise and fall pattern of major trends that take hold in our world, as well as those that stick around. In this blog post, we delve into the Web3 and blockchain-related tech that will last in the space: https://hubs.la/Q01DFDCR0 #Blockchain #Pharma
"
1635583416459468800,"pharmatrace
","Community 
","In this article we tell how PharmaTrace smart contracts will change the pharma business. Please contact us to know the details of our solutions. #blockchain #pharmatrace #supplychain #smartcontracts #pharma #pharmaceuticalindustry
"
1628360063734927361,"DataDynamicsInc
","Organization
","#Data integrity issues have plagued the #pharma industry since its inception. #Blockchain, with its potential to assist in processes from product serialization to data flow tracking, could be the best solution yet. https://medtechintelligence.com/column/blockchain-can-solve-pharmas-costly-data-integrity-problem/… #BigData #Analytics #TechnologyNews
"
1624567393358954499,"BHTYJournal
","Community 
","""@PharmaLedger: Blockchain-Enabled Healthcare- Privacy-Enhancement https://youtu.be/XwIB03uEgQE via @YouTube #blockchain #privacy #identity #pharma #ConV2X #BHTY #blockchainevnt #sympsoium
"
1624000240528289792,"DrDavidFBeach
","Industry Expert 
","#Blockchain and other Web 3.0 technologies promise to create new therapeutic experiences while honoring the privacy of patient data. But, shared industry standards are necessary for reaching this potential. #Pharma https://tiny-link.io/6ki0AmzcOTayrhEzdGMu
"
1622457107097190402,"FCE_GROUP_AG
","Organization 
","#Blockchain could rid #pharma #supplychains of counterfeit, improperly stored, and expired drugs. And it could also seriously improve overall contemporary #healthcare, and some companies are already moving towards it. https://fcegroup.ch/n/bt
"
1621630054332596225,"DPtechtrueup
","Individual
","The Influence of Blockchain Technologies in the Healthcare Industry http://ow.ly/Ehvp50MJ1vM #Pharma #Blockchain #Technology #Healthcare
"
1618900938680401920,"EricGail
","Organization Industry Expert Community Individual
","#Blockchain offers a powerful solution to the global counterfeit drug problem, providing transparency and security to #Pharma companies' #SupplyChains and helping to reduce drug abuse. It has the potential to revolutionize the industry. https://tiny-link.io/M3oV9AvbkNSSz03ngXBo
"
1616718129098522625,"Be_CREDIBLE
","Community 
","Our Co-founder & CEO, Mr. Jitesh Shetty will address an audience at the 72nd Indian Pharmaceutical Congress (IPC), Nagpur about Blockchain Technology in Pharmaceutical Sciences & Drug Discovery Process. #IndianPharmaceuticalCongress #IPC #pharmaceutical #Pharma #blockchain
"
1616373622653829120,"2amtech
","Community 
","TwitterTweet :Blockchain has been around in the #banking, #finance and #pharma industries for some time now. However, for #healthcare, it holds the potential to solve long-standing challenges of the complex workflows within organizations.  
"
1616318368075718656,"Sven_Loeffler
","Industry Expert 
","TwitterTweet :#Pharma is a $2T industry with a lot at stake in managing the #SupplyChain. #Blockchain can provide transparency, enhanced traceability, and improved quality control to ensure drugs remain safe and effective.
"
1616034985659490307,"HLLifeSciences
","Community 
","#ATMPs and #blockchain technology represent two of the most promising current developments in the #pharma and #technology sectors. The article by our lawyers considers the potential benefits blockchain technology may have in the ATMP supply chain. https://bit.ly/3QXwl9W
"
1615631623025790976,"PharmTechTrends
","Community 
","TwitterTweet :Modern pharma supply chain systems are complicated. Learn more about how a blockchain-based framework can be utilized to enhance transparency and safety. #pharma #manufacturing #supplychain #blockchain #smartcontracts https://bit.ly/3wcUtf4
"
1614883856213065728,"CSiepler
","Industry Expert 
","#Pharma is a $2T industry with a lot at stake in managing the #SupplyChain. #Blockchain can provide transparency, enhanced traceability, and improved quality control to ensure drugs remain safe and effective. https://link-shortener.io/Mp1bXBcDmHCqItVUC8HT
"
1613167877237923840,"Gyan_Consulting
","Organization
","Many Pharma companies have already started on their digital transformation journeys with cybersecurity initiatives and adopting new technologies such as additive manufacturing, robotics, analytics, and mobility. #pharma #digitaltransformation #ai #blockchain #digitalhealth
"
1612724139818733571,"stratesys
","Community 
","#StratesysPapers #Trends #2023 #Pharma @CincoDiascom publica las principales conclusiones del estudio recientemente elaborado por el equipo de expertos de @stratesys en la industria #LifeScences  https://lnkd.in/dY7aqdCv - #ArtificialIntelligence #MachineLearning #Blockchain
"
1607773356895473667,"PharmaCommerce
"," Community 
","TwitterTweet :How #privacy and #technology literacy can coexist behind a #blockchain-based approach to patient #dataanalytics and controlVishal Singal and Siddhartha Tomar of @Axtria 
"
1606008927145103369,"PharmaProWorld
","Community 
","TwitterTweet :In recent years, interest in #Blockchain distributed ledger technology has crescendoed & crashed. Boosters of the technology proclaimed that it could revolutionize everything from the #Pharma/#Biotech #SupplyChain to business contracts. 
"
1605911220564811776,"HCTriangle
","Organization 
","#blockchain accelerates drug development and streamlines the #clinicaltrial processes due to its potential to improve interoperability and enhance data sharing. Learn More: https://bit.ly/3VbIQPC
"
1605507177447399426,"PharmaCommerce
","Community 
","How #privacy and #technology literacy can coexist behind a #blockchain-based approach to patient #dataanalytics and controlVishal Singal and Siddhartha Tomar of @Axtria http://ow.ly/puA650M2wxi #pharma #pharmaceutical #patientdata
"
1605159671081361409,"Gyan_Consulting
","Organization
","TwitterTweet :As the biologics industry continues to grow, biopharmaceutical companies are evaluating continuous processing as a means of improving efficiency. Below are some factors to consider. #biopharma #blockchain #biopharmaceutical #pharma #lifesciences #disruption #pharmaceutical
"
1603423413535756288,"realBillSager
","Industry Expert
","Innovative #blockchain based systems can help #pharma companies track drugs in transit and ensure they're stored correctly, addressing #SupplyChain vulnerabilities. Do you think such a solution is coming any time soon? #iworkforComcast http://short-url.us/gABEiklrL9nEnObeCFot
"
1603326440245977088,"krypctalk
","Community 
","Check out the article: How blockchain technology is here to revolutionise the Pharmaceutical industry. https://medium.com/@krypcblockchain/evolving-pharmaceutical-industry-with-blockchain-technology-f0fe0a2d147… #pharma #supplychain #blockchaintechnology #blockchain #healthcare #digitalhealth #medtech #technology #web3solutions #web3  
"
1602717521152458752,"paul_savas
","Industry Expert 
","Innovative #blockchain based systems can help #pharma companies track drugs in transit and ensure they're stored correctly, addressing #SupplyChain vulnerabilities. Do you think such a solution is coming any time soon?
"
1602645768053161987,"Gyan_Consulting
","Organization 
","AI and digital healthcare are prime examples of growth trends setting up life sciences for long-term sustainability. Here are the best lifesciences trends to consider. #digitalhealthcare #telehealth #LifeSciences #lifescienceindustry #clinicaltrials #pharma #tech #blockchain
"
1600475388068634625,"Gyan_Consulting
","Organization
","Here are five ways for the Life Sciences industry helping to streamline the entire process from research to approval and delivery of the therapies that patients so desperately need. #blockchain #lifesciences #lifescience #healthcare #biotechnology #biology #pharma #biopharma
"
1602224418264158208,"PharmTechTrends
"," Community 
","These top technologies make healthcare more effective and efficient, improving patient and provider experiences. #pharma #AI #machinelearning #blockchain #emergingtechnologies #biotechnology #geneediting
"
1598648640834265088,"serv_block
","Community 
","Are blockchain solutions currently offering value in the pharmaceutical space? Let us know in the comments http://bit.ly/3ToK0WY #blockchain #pharmaindustry #biotech #industry40 #pharmaceutical #pharma #gxp
"
1598286205271310337,"digitrendsinc
"," Community 
","Talk about the biggest disruption in the world of technology; Blockchain and NFT-what potential they hold for the Pharma industry; how DigiTrends is gearing decentralization of the Pharma Industry. Read here: https://bit.ly/3B0YmXi #nft #blockchain #pharma #technology
"
1597938810209402882,"_thebamboo_io
","Community 
","#Blockchain can transform #pharma by helping find the right people for a medical trial faster. Blockchain can help bring some of the data integrity, accessibility, security, privacy, and interoperability needed by pharma. Read more: http://ow.ly/PJsl50LOxIP
"
1597168750159360001,"serv_block
","Community 
","Interested in learning more about blockchain within Manufacturing? Read our latest article on the intersection of manufacturing and blockchain http://bit.ly/3NR6U8t #blockchain #pharmaindustry #biotech #industry40 #pharmaceutical #pharma #gxp
"
1597128954770751488,"stratesys
","Community 
","#Pharma #AI #MachineLearning #Blockchain - Nuestros expertos de 'LifeSciences & Chemical' comparten esta semana un interesante 'paper' en el que radiografían algunas tecnologías con mayor impacto en la transformación digital del sector farmacéutico
"
1595371611187687430,"CSiepler
","Industry Expert 
","Traceability and security are essential elements of the #pharma #SupplyChain. #Blockchain offers both, but it's not the only solution. Has your enterprise invested in blockchain as a solution for ongoing fulfillment woes? https://tinyurl.com/2h9sxo5j
"
1594733265876828162,"serv_block
"," Community 
","6 out of 10 Pharma Companies are preparing for Blockchain Adoption. Is your company on the list? http://bit.ly/3G3UQ1z #blockchain #pharmaindustry #biotech #industry40 #pharmaceutical #pharma #gxp
"
1592865344464494594,"_thebamboo_io
","Community 
","#Blockchain can transform #pharma by helping to manage & access drug trial data for research purposes. Blockchain in healthcare helps pharma create auditable, unalterable, and distributed databases for storing and accessing drug trial data.
"
1592778245094526976,"pharmaphorum
"," Community 
","A closer look at why #blockchain is the next #pharma focus, an #innovation that addresses #supplychain vulnerabilities with a collaborative blockchain-based system that keeps track of #drugs in transit and ensures correct storage.
"
1591053684787535872,"_thebamboo_io
"," Community 
","#Blockchain can transform #pharma by imporving the drug supply chain. By enabling complete visibility & transparency throughout the drug supply chain, blockchain allows tracking of drugs to their point of origin & eliminates falsified medication.
"
1588459110168674305,"pharmaphorum
","Community 
","Exploring why #blockchain is the next big focus for big #pharma, addressing #supplychain vulnerabilities with an innovative, collaborative blockchain-based system that keeps track of #drugs in transit and ensures they're correctly stored.
"
1588576896287182851,"pharmaphorum
","Community 
","A closer look at why #blockchain is the next #pharma focus, an #innovation that addresses #supplychain vulnerabilities with a collaborative blockchain-based system that keeps track of #drugs in transit and ensures correct storage.
"
1709954097330184655,"PharmaOutSourc
","Community 
","Want to minimize your #supplychain risks and ensure patient safety? Take a quick tour with @Oracle to see how #pharma companies can gain multi-tier visibility across their supply chains to quickly detect and resolve issues. https://hubs.ly/Q024t3Fj0 #USPharma23 #blockchain
"
1701860765492466176,"QodeNext
","Community
","Blockchain technology is revolutionizing the pharmaceutical supply chain, ensuring transparency, traceability, and accountability. Discover how it's transforming the industry. https://bit.ly/3XKMhQb #Blockchain #Pharma #SupplyChain #Technology #Industry40 #TrackAndTrace
"
1666749014837014540,"serv_block
"," Community 
","Exciting news! #ServBlock's CEO, John Ward, shares insights on revolutionizing the Pharma Supply Chain with #Blockchain, Digitalization, & Collaboration in an interview with Pharma Focus Asia. Must-read for #pharma managers Link Below #HealthTech #SupplyChainInnovation
"
1666393862678478849,"BlockchainsNow
","Community 
","""Hey everyone! Guess what? #Blockchain is here to the rescue! Is it possible that this technology can also solve pharmas supply management woes? Let's find out together and share your thoughts using the hashtag! #supplymanagement #pharma #innovation #likeandretweet""
"
1655654047800782848,"News_on_block
","Community 
","The use of blockchain in the pharmaceutical industry ensures that the supply chain is more secure and transparent. #Pharma #Blockchain
"
1658802501141901313,"pharmatrace
"," Community 
","How PharmaTrace helps pharma companies to avoid drug shortages and address key barriers that may impede patient access to medical treatment. #pharma #pharmatrace #blockchain #healthtech #drugshortages #smartcontracts #patientsafety
"
1646788338005729280,"qliktag
","Community 
","Today we look at personalization of medicine / treatment doses & safety with NFC authentication chips, blockchain custody with NFT and value adding digital features - https://qliktag.com/hybrid-product-ideas-with-qliktag-personalized-medicine-with-nfc-blockchain-authentication/… #healthcare #pharma #medicine #web3   #blockchain #nft #personalizedmedicine #nfc
"
1646476258413277184,"PharmTechTrends
","Community 
","Blockchain technology can transform the entire lifecylce of drugs ranging from early stage discovery to their disposal. #pharma #blockchain #drugdiscovery #drugdevelopmentdrug #manufacturing #distribution https://bit.ly/4063sLq
"
1645687822316359681,"QodeNext
"," Community 
","6. Blockchain This technology provides a unified, secure, transparent, and efficient supply chain management system for pharmaceutical companies to govern their complex supply chain across the globe. #BlockChain #Pharma #SupplyChain #Security
"
1713917322631549267,"IBMBlockchain
","Organization
","Libby's (@nestle) adoption of #blockchain exemplifies a decades-long partnership with their farmers - one based on trust and transparency. @IBM Food Trust enables the source tracking of ingredients, affording transparency into #foodsafety and sustainable production.
"
1709597610657354207,"IBMBlockchain
","Organization
","In partnership with @compassgroupusa and @NestleUSA, @IBM Global Real Estate is leveraging IBM Food Trust™ #blockchain technology to bring a “pumpkin-inspired” food transparency pilot initiative to IBM employees this U.S. holiday season: https://ibm.biz/BdM5Cj
"
1705225911048487389,"IBMBlockchain
","Organization
","Food safety experts @FrankYiannasFDA and Andy Kennedy to discuss the immediate need for food companies to securely capture and process food #traceability data required by the @FDA – #FSMA204. Learn from the experts. Stay Compliant. Register here: https://ibm.co/46mKLXG
"
1704888333074092259,"IBMBlockchain
","Organization
","Supply chain technologist Wiggs Civitillo outlines how the recently announced offering between @IBM and @iFoodDS – FoodDS Trace Exchange with IBM Food Trust – can be applied to reduce food waste and improve #foodsafety through traceability data: https://ibm.biz/BdMLTN
"
1629101383273046017,"MikeS_NH
","Industry Expert 
","TwitterTweet :#Supplychain control towers, #blockchain, and order management #virtualassistants are key to supply chain operations transformation in #pharma, as are supply chain planning platforms and #sourcing #analytics...
"
1623695011832561665,"HCTriangle
","Industry Expert 
","Enhanced Drug Supply Chain Visibility - The effective use of #blockchain in the drug #supplychain ensures an auditable trail to safeguard drug provenance. Learn More: https://bit.ly/3Xkguno #pharma #lifesciences #drugsafety
"
1623349293376749569,"virtue_insight
","Industry Expert
","Our key speaker Alexandru POPA, Associate Director, #Blockchain for #Pharma #SupplyChain, #MSD virtually presenting about How MSD is fighting the fakes with #blockchain #technology in 11th #Pharma #AntiCounterfeiting & #Serialisation 2023 https://bit.ly/3T3EuZU
"
1465693347314475016,"HCTriangle
","Industry Expert 
","#Blockchain's key features, including immutability, distributed nature, and transparency provide the #pharma companies a more reliable way to add governance within the supply chain and ensure patient safety and compliance. https://bit.ly/3CxrSBM #lifesciences #supplychain #HCTI
"
1463864447215095812,"HCTriangle
","Industry Expert 
","Enhanced Drug Supply Chain Visibility - The effective use of blockchain in the drug supply chain ensures an auditable trail to safeguard drug provenance. Learn More: https://bit.ly/3CxrSBM #blockchain #pharma #lifesciences #supplychain #drugsafety #HCTI
"
1452285009805647876,"GS1_US
","Community 
","What is the biggest benefit of using #blockchain in the #pharma industry? Jeffery Denton, VP of Global Secure #SupplyChain at AmerisourceBergen, provides insight in our industry Q&A. http://ow.ly/80UP30rWOX1 @Healthcare_ABC
"
1448559091928940546,"HealthcareLdr
"," Community 
","How #ArtificialIntelligence and #Blockchain Can Execute Vaccine Allocations for Countries in Need by @joshinav @BBNTimes_en via @Ronald_vanLoon Read more: http://buff.ly/3DyYSLX #ML #AI #COVID19 #HealthTech #DL #healthtech #digitalhealth #supplychain #Pharmaceutical #pharma
"
1433036310546194438,"HealthcareDig
","Community 
","The UK is set to create its first digital supply chain for the pharmaceutical sector, backed by the government, @UKRI_News & key industry players including @FarmaTrust @Siemens @GSK & @AstraZeneca http://ow.ly/y6pF50G2dHz #supplychain #pharma #healthcare #blockchain
"
1426002110164791304,"AlexaBlockchain
","Community 
","Healthcare Triangle launches a new plug-and-play Blockchain solution – Blockedge. It helps pharma companies bring drugs to market faster, at lower cost, and more @HCTriangle #Blockchain #Healthcare #Pharma #SupplyChain
"
1415974610378575876,"koolexindia
","Community 
","The pharma blockchain holds the potential to enhance security, integrity, data provenance, and the functionality of the supply chains with its transparent, immutable and auditable nature. #koolex #blockchain #transparent #supplychain #pharma #pharmadistribution #servicetonation
"
1387311488977752065,"UJakimaviciute
","Industry Expert 
","#Pharma industry investments in #blockchain decreased in 2020 as organizations shifted priorities during #COVID19 pandemic: https://globaldata.com/pharma-industry-investments-blockchain-decreased-2020-organizations-shifted-priorities-covid-19-pandemic-says-globaldata/… #DigitalTransformation #SupplyChain #emergingtechnologies #technology #TechInvestment
"
1381721161709461504,"tinalll
","Industry Expert 
","Technologies like artificial intelligence, automation, collaboration tools and blockchain can help build trust and ensure safety throughout the supply chain. #supplychain #pharma #COVID19 #blockchain
"
1377282196248072196,"FitchSolutions
","Organization
","#Blockchain -Based Systems To Combat Fake Covid-19 Vaccines http://ow.ly/DjHh50EcrUp #healthcare #supplychain #pharma
"
1362461078949609477,"sallyeaves
","Industry Expert 
","I second that Nick! And I think the pandemic experience has accelerated this - have had a surge of interest & questions around #blockchain across a wider range of use cases, especially #pharma & #supplychain #CloudTweetChat #CloudComputing
"
1357399960933826561,"corvusglobal
","Community 
","Officials warn of fake covid-19 #vaccines The only way is to make the #supplychain airtight to eliminate #counterfeitdrugs penetration into global legitimate medicine supply chains Join us Virtually https://lnkd.in/g49FXph #PSW #Pharma #serialization #traceability #IP #Blockchain
"
1335951671214555140,"MattHansen0
","Industry Expert 
","This whole thread is so incredibly disheartening. I think there is a real use case here for #blockchain ledger tech for the #pharma #supplychain to give some visibility and responsibility to all parties involved. #MicrosoftBlockchain #MSFTBlockchain
"
1291028255198388227,"vaQtec
","Community 
","Everyone is talking about, we are already using it: #BlockChain technology secures quality relevant data of #GDPcompliant TempChains. https://bit.ly/2Dzi6q3 #BlockchainTechnology #logistics #supplychain #lifescience #pharma #datasecurity
"
1277839290962247680,"frankzanotto
","Individual
","Isn't it time to reimagine how you run your business - how an open / trusted /collaborative commercial platform powered by #Blockchain can provide more value to your customers? Think new & improved - think #DLT http://bit.ly/2Az6cLa #innovation #disruption #SupplyChain #Pharma
"
1258758595933605890,"antgrasso
","Industry Expert 
","Within the next years, approximately 30 % of life sciences companies plan to utilize blockchain, opening new business opportunities, and addressing challenges of the past. Link >> https://bit.ly/2z9LLUs @worldpharma2day @AccentureLifSci via @antgrasso #blockchain
"
1247494528954773504,"AetsoftC
","Organization
","Automate clinical trials, R&D processes, payments, and product verification throughout the #supplychain. Create decentralized, networks and incentivize record activities on immutable, auditable blockchains with #pharma #blockchain solutions from Aetsoft. 
"
1229446414285115394,"CarrymedGmbH
","Organization 
","Everybody, talks about #blockchain for the supply chain but can you explain what it is and how it really works? We gave it a try in our latest blog series about the practical applications of blockchain in the #pharma #supplychain.
"
1225106125344911365,"OYB_Blockchain
","Community 
","#Supplychain for #pharmaceuticals is only one of many possibilities in #pharma #industry. Novartis knows how #blockchain can help its #business https://cnnmoney.ch/shows/blockchain
"
1218123309684051968,"Sofrigam
","Community 
","Dubai's #Health Authorities introduce a new #TrackandTrace system to oversee the entire #pharmaceutical #supplychain & detect any issue to improve #drug quality and #patient safety. https://europeanpharmaceuticalreview.com/article/109849/establishing-a-new-pharmaceutical-track-and-trace-system-in-dubai/… #serialization #blockchain #traceability #pharma #pharmasupplychain
"
1214180273635516418,"corvusglobal
","Community 
","We are happy to announce our Newest Exhibitor PharmaTrace @ Pharma Supply-Chain & Security World 2020 #conference & expo #PSW #corvusglobal #Anticounterfeiting #blockchain #Pharmablockchain #BrandProtection #serialisation #lifscience #pharma #traceability #tracking #supplychain
"
1202588838012563456,"OpenLedgerDC
","Community 
","Blockchain to disrupt flows in pharmaceutical supply chains with immutable audit trails, real-time monitoring, and decentralization: study the breakdown in our latest article at http://ow.ly/VMfa50xrrmc #blockchain #pharma #dlt #supplychain #logistics #healthcare
"
1178661730831888385,"KSoftSystemsInc
","Organization 
","Can blockchain tackle the problem of counterfeit medicine? #blockchain #blockchainsolutions #blockchaintech #counterfeit #medicine #who #worldhealthorganization #pharma #supplychain
"
1120296519435988992,"Sofrigam
","Organization
","A #Blockchain protocol discovered by a researcher at Portland University could prevent #counterfeit #pharmaceutical sales : https://sciencedaily.com/releases/2019/04/190415154651.htm… @ScienceDaily #pharma #supplychain
"
1107654595860414464,"TechWorldOracle
","Community 
","@TechWorldOracle is very proud to support @theEPOCHgroup with their #webinar on #SupplyChain Challenges in #Pharma & #Blockchain opportunities. The broadcast takes place on Wednesday 20th March 2019 at 13:00 GMT. For further information, please visit: https://epoch-group.org/webinar-with-catena-consulting/
"
1105459590471266309,"LedgerInsights
","Community 
","Yesterday @TraceLink announced a #blockchain pharma pilot. Last month the @US_FDA announced a pilot program for the #pharma industry to help to trace #drugs. Everyone in the pharma #SupplyChain needs to comply with the DCSCA legislation by 2023
"
1104137933211291648,"OksanaPyzikUCL
","Industry Expert 
","What does #healthcare look like in 2028? Joined #MobileWorldCongress panel to predict the future of #mHealth w/ over 100,000 conf delegates. My #MWC19 bet lies on #blockchain & #AI to transform the #pharma supplychain. What do you think? @ronanwisdom @peterohnemus @rajasharif 
"
1100758197818650626,"zoreum
","Organization 
","Aslimedicine rewards vigilant public for reporting fake medicines with Asli tokens. Consumers can be benifited by redeeming by the tokens in zoreum exchange. Click here: https://bit.ly/2SeTqVm #Aslimedicine #pharma #drugs #dApp #blockchain #zoreum #Ethereum #supplychain
"
1098151555918897152,"chemanager
","Community 
","Wird die #Blockchain-Technologie die #Pharmalogistik revolutionieren? Ist es sinnvoll wenn Pharmaunternehmen ihre #Produktionslogistik outsourcen? Diese Fragen stand Mittelpunkt des #Pharma #SupplyChain Trends Symposiums. Lesen Sie die Ergebnisse hier: http://bit.ly/2X5SS88
"
1095085118991982593,"MdxBlocks
","Community 
","#Blockchain is quickly increasing in interest and has received praise for its far-reaching applications. http://mdxblocks.com #MDxBLOCKS #blockchain #pharma #clinicaltrials #biotech #chemicalindustry #supplychain #medical #financialservices #industrialization #suppliers
"
1094950938400509953,"jimsabogal
","Industry Expert 
","FDA to run pharma blockchain pilots https://buff.ly/2Bw418T #blockchain #supplychain #pharma
"
1094885044013985792,"TheActiveledger
","Community 
","The system comprehensively documents each step that a pharmaceutical product takes on its way to the store shelf and eventually the consumer. via DHL Research @Accenture #blockchain #usecase #supplychain #pharma #drugs #infographic CC @MikeQuindazzi @dinisguarda @walkermartyn
"
1085325760133562369,"StephTweetChat
","Individual
","#Blockchain’s capacity to provide clarity/accountability, & to minimize the influence/costs of middlemen, should put it on the agenda of every board. #Digital #Tech #SupplyChain #HealthTech #Pharma #DigitalID #Innovation https://lnkd.in/eEF37wK
"
1085165631404687362,"BME_Sponsoring
","Community 
","#Global #Pharma #SupplyChain #Congress | February 12-14 2019 | Frankfurt, Germany | Visit: https://bme.de/pscc #data #environment #BigData #process #Mining #Transformation #EmergingMarkets #Pharmaceuticals #blockchain #pharmaindustry #MedTech #healthcare @BMEeV
"
1084257744872398849,"MeSanjayvyas
","Industry Expert 
","Great Q&A with #tech expert and co-founder of GlobalBlock, discussing the future of #blockchain technology in the #pharma industry and it’s impact on related #supplychain
"
1073216082280898560,"sweetbridgeemea
","Individual
","With the use of #blockchain, it will become much easier for the #pharma #supplychain to be able to trace their goods. https://buff.ly/2QtKiAu
"
1073205665525571584,"peter_monien
","Individual
","Why the pharma supply chain needs to be ready for traceability - industry players must consolidate their medicine traceability practices to fight a rise in medicine counterfeiting https://epmmagazine.com/opinion/why-the-pharma-supply-chain-needs-to-be-ready-for-traceabili/#.XBJbrn2PYH4.twitter… #supplychain #blockchain #trackandtrace #anticounterfeit #pharma
"
1064681195668234240,"jimsabogal
","Industry Expert 
","Also include #Pharma and #supplychain. Securing our US Drug Supply Chain would use #Blockchain @tsystemscom
"
1064537814270992384,"SettleMintCom
","Community 
","Time to speak about #blockchain and how we can leverage blockchain technology for #SupplyChain operations and #management in the #pharma #sector. Thanks to @GIRPBrussels for the invitation! @matt_vn #SettleMint #MINT
"
1062703532439166976,"DynaSys
","Community 
","Blockchain in the Pharmaceutical Value Chain Through | DynaSys Blog http://ow.ly/6LGP30mC9yZ #SupplyChain #Blockchain #Pharma #LifeSciences #SmartContracts
"
1022433852223119360,"TheBlockNews
"," Community 
","China #pharma scandal sparks call for #blockchain in drug #SupplyChain : http://bit.ly/2v1Kt8q
"
1017701886248587265,"23_consulting
"," Community 
","@SAP leads #Pharma #SupplyChain #blockchain initiative in partnership with #pharma companies. 
"
1014501856565977088,"james_hextall
","Industry Expert 
","Blockchain has the potential to bring enormous change to the supply chain industry. Nowhere is this more pronounced than in the pharmaceuticals. http://bit.ly/2u4iPY5 #blockchain #pharma #supplychain
"
1013935376669511681,"nisumtech
","Organization 
","#Pharma Giant #Merck Eyes #Blockchain for Fighting #CounterfeitMeds. http://bit.ly/2IAbPqU #SupplyChain #EnterpriseEthereumAlliance #DistributedStorage
"
1012732823202037761,"kinapseglobal
","Organization
","#Blockchain could revolutionise the pharma supply chain, solving big issues in logistics, counterfeiting, and patient usage. Follow the link to find out how. https://buff.ly/2IAjVzW #pharma #lifesciences #supplychain
"
1011687045079683074,"synaptic_delay
","Community 
","Pharmaceuticals giant Merck filed a patent to use blockchain to track drugs as they move through the supply chain. #pharmaceutics #blockchain #supplychain #pharma #drugs #patent  https://lnkd.in/dtpxcv7 https://lnkd.in/d-yY3a8
"
1010452905894252545,"eWizard_app
","Community 
","#blockchain has already shook our notion of security with experimenting and abscence of traditional regulation. First implementations in #healthcare and #pharma encompass preserving #healthdata and securing #supplychain.
"
1009662315300564992,"23_consulting
","Community 
","Five use cases for #blockchain in #pharma: the supply chain, drug safety, inventory management, public safety and consumer awareness, clinical trials management. #bigpharma #supplychain #clinicaltrials #logistics #publichealth #healthcare
"
1010063590932480000,"VisevenMarTech
","Organization 
","#blockchain has already shook our notion of security with experimenting and abscence of traditional regulation. First implementations in #healthcare and #pharma encompass preserving #healthdata and securing #supplychain. 
"
1008700123206045696,"AtosBelux
","Community 
","The ability to counter counterfeit drugs can be managed with the use of #blockchain technology that cannot be corrupted #pharma #supplychain http://bit.ly/2t4OYyQ
"
1005128434417192962,"OmnyHealth
","Organization 
","“While the #pharma industry is awash with #blockchain hype, there are a number of segments where blockchain has potential to play a transformational role, notably in managing the #provenance of pharmaceutical products as they pass thru the #supplychain” http://globaltrademag.com/global-logistics/blockchain-to-shape-next-generation-healthcare-supply-chains"
